code,name,industry,today_pct,stage,reason,metrics,optimization
000060,中金岭南,铅锌,10.07%,L2淘汰,六通道均未通过；最接近主升通道，但仍差：RS未跑赢大盘、RPS50不足,"MA50/200=6.79/5.89, bias200=14.6%, RPS50/120=62.5/78.9, 20日涨跌=8.3%, 低位距=52.7%, SOS量比=0.92",趋势轨：RPS阈值敏感
000066,中国长城,IT设备,9.99%,L2淘汰,六通道均未通过；最接近主升通道，但仍差：MA50未站上MA200,"MA50/200=15.89/15.92, bias200=24.5%, RPS50/120=90.0/74.7, 20日涨跌=33.5%, 低位距=44.9%, SOS量比=3.50",事件驱动：不建议硬放宽
000338,潍柴动力,汽车配件,10.00%,L2淘汰,六通道均未通过；最接近主升通道，但仍差：距MA200过高,"MA50/200=26.50/19.28, bias200=61.9%, RPS50/120=89.3/97.0, 20日涨跌=23.3%, 低位距=126.6%, SOS量比=1.28",事件驱动：不建议硬放宽
000402,金融街,全国地产,10.09%,L2淘汰,六通道均未通过；最接近点火通道，但仍差：未突破近20日高点,"MA50/200=2.73/2.90, bias200=9.1%, RPS50/120=81.8/59.6, 20日涨跌=23.3%, 低位距=28.9%, SOS量比=3.26",L2旁路候选：可测试爆发前夜/试盘观察池
000510,新金路,化工原料,9.26%,L2淘汰,六通道均未通过；最接近潜伏通道，但仍差：不在MA200附近、短期RPS未降温,"MA50/200=16.17/10.12, bias200=39.8%, RPS50/120=51.1/98.4, 20日涨跌=-5.9%, 低位距=223.6%, SOS量比=0.52",事件驱动：不建议硬放宽
000553,安道麦A,农药化肥,9.97%,L2淘汰,六通道均未通过；最接近点火通道，但仍差：前日量比不足,"MA50/200=6.20/6.42, bias200=6.2%, RPS50/120=83.1/61.5, 20日涨跌=6.4%, 低位距=24.5%, SOS量比=0.82",L2旁路候选：可测试爆发前夜/试盘观察池
000620,盈新发展,全国地产,10.00%,L2淘汰,六通道均未通过；最接近主升通道，但仍差：RS未跑赢大盘、RPS50不足、RPS120不足,"MA50/200=2.94/2.55, bias200=9.6%, RPS50/120=24.4/69.8, 20日涨跌=-1.4%, 低位距=79.5%, SOS量比=0.50",趋势轨：RPS阈值敏感
000783,长江证券,证券,10.01%,风控淘汰,stop_loss：主升趋势破位(跌破MA50或高位回撤)；参考价=8.11；L4=SOS,"L2通道=点火破局, 当前=7.99",风控：硬剔除改高风险观察
000802,北京文化,影视音像,9.98%,L1淘汰,市值不足：30.86亿 < 35.00亿,20日均额=8008.2万,L1流动性/市值
000811,冰轮环境,工程机械,8.38%,L2淘汰,六通道均未通过；最接近主升通道，但仍差：距MA200过高,"MA50/200=19.50/15.69, bias200=59.0%, RPS50/120=95.7/94.1, 20日涨跌=40.6%, 低位距=188.4%, SOS量比=1.34",事件驱动：不建议硬放宽
000815,美利云,通信设备,9.99%,L2淘汰,六通道均未通过；最接近主升通道，但仍差：RS未跑赢大盘、距MA200过高,"MA50/200=18.38/14.12, bias200=34.7%, RPS50/120=90.2/90.4, 20日涨跌=-8.1%, 低位距=75.8%, SOS量比=0.65",事件驱动：不建议硬放宽
000818,航锦科技,化工原料,9.99%,L2淘汰,六通道均未通过；最接近潜伏通道，但仍差：不在MA200附近、长期RPS不足,"MA50/200=19.87/21.40, bias200=-28.4%, RPS50/120=0.6/2.6, 20日涨跌=-27.8%, 低位距=9.3%, SOS量比=1.76",事件驱动：不建议硬放宽
000863,三湘印象,区域地产,10.10%,L2淘汰,六通道均未通过；最接近潜伏通道，但仍差：条件基本接近,"MA50/200=5.35/4.67, bias200=3.8%, RPS50/120=7.9/81.8, 20日涨跌=-10.7%, 低位距=43.9%, SOS量比=1.36",事件驱动：不建议硬放宽
000889,中嘉博创,通信设备,9.95%,L2淘汰,六通道均未通过；最接近主升通道，但仍差：RS未跑赢大盘,"MA50/200=3.84/3.77, bias200=17.1%, RPS50/120=86.5/75.4, 20日涨跌=30.0%, 低位距=70.0%, SOS量比=2.42",事件驱动：不建议硬放宽
000925,众合科技,运输设备,8.81%,L2淘汰,六通道均未通过；最接近主升通道，但仍差：MA50未站上MA200、RS未跑赢大盘,"MA50/200=7.83/8.12, bias200=13.1%, RPS50/120=81.6/74.6, 20日涨跌=27.8%, 低位距=33.8%, SOS量比=7.41",事件驱动：不建议硬放宽
000960,锡业股份,小金属,9.11%,L2淘汰,六通道均未通过；最接近主升通道，但仍差：RS未跑赢大盘、RPS50不足、距MA200过高,"MA50/200=36.11/27.58, bias200=27.8%, RPS50/120=59.6/89.9, 20日涨跌=8.4%, 低位距=157.1%, SOS量比=0.78",趋势轨：RPS阈值敏感
000967,盈峰环境,环境保护,10.02%,L2淘汰,六通道均未通过；最接近主升通道，但仍差：距MA200过高,"MA50/200=9.90/7.67, bias200=77.0%, RPS50/120=99.0/96.2, 20日涨跌=48.8%, 低位距=140.2%, SOS量比=2.17",事件驱动：不建议硬放宽
001257,盛龙股份,小金属,9.72%,L2淘汰,六通道均未通过；最接近潜伏通道，但仍差：不在MA200附近、短期RPS未降温、长期RPS不足,"MA50/200=-/-, bias200=-, RPS50/120=-/-, 20日涨跌=-8.9%, 低位距=3.5%, SOS量比=0.36",事件驱动：不建议硬放宽
001287,中电港,元器件,10.02%,L2淘汰,六通道均未通过；最接近主升通道，但仍差：RS未跑赢大盘、RPS120不足,"MA50/200=24.79/23.18, bias200=14.2%, RPS50/120=84.3/48.7, 20日涨跌=10.5%, 低位距=55.7%, SOS量比=1.17",事件驱动：不建议硬放宽
001309,德明利,半导体,10.00%,L2淘汰,六通道均未通过；最接近主升通道，但仍差：RS未跑赢大盘、距MA200过高,"MA50/200=372.47/227.75, bias200=130.4%, RPS50/120=99.6/97.8, 20日涨跌=41.1%, 低位距=563.2%, SOS量比=1.28",事件驱动：不建议硬放宽
001316,润贝航科,批发业,10.00%,L2淘汰,六通道均未通过；最接近主升通道，但仍差：RPS50不足、距MA200过高,"MA50/200=49.07/40.02, bias200=29.7%, RPS50/120=41.2/90.0, 20日涨跌=9.5%, 低位距=66.8%, SOS量比=0.70",趋势轨：RPS阈值敏感
001337,四川黄金,黄金,8.32%,L2淘汰,六通道均未通过；最接近主升通道，但仍差：距MA200过高,"MA50/200=50.41/34.88, bias200=54.0%, RPS50/120=86.3/96.2, 20日涨跌=7.6%, 低位距=132.1%, SOS量比=1.09",事件驱动：不建议硬放宽
001389,广合科技,元器件,10.00%,L2淘汰,六通道均未通过；最接近主升通道，但仍差：RS未跑赢大盘、距MA200过高,"MA50/200=124.44/87.87, bias200=85.8%, RPS50/120=97.8/97.5, 20日涨跌=35.6%, 低位距=250.2%, SOS量比=0.92",事件驱动：不建议硬放宽
002015,协鑫能科,新型电力,10.03%,L2淘汰,六通道均未通过；最接近主升通道，但仍差：RS未跑赢大盘、距MA200过高,"MA50/200=17.43/12.89, bias200=37.7%, RPS50/120=94.9/93.1, 20日涨跌=2.9%, 低位距=157.6%, SOS量比=0.83",事件驱动：不建议硬放宽
002044,美年健康,医疗保健,9.94%,L2淘汰,六通道均未通过；最接近潜伏通道，但仍差：长期RPS不足,"MA50/200=5.90/5.67, bias200=-4.2%, RPS50/120=4.4/43.3, 20日涨跌=-5.4%, 低位距=12.2%, SOS量比=3.03",事件驱动：不建议硬放宽
002052,同洲电子,家用电器,10.01%,L2淘汰,六通道均未通过；最接近点火通道，但仍差：未突破近20日高点,"MA50/200=11.10/12.97, bias200=-22.2%, RPS50/120=20.8/2.5, 20日涨跌=-4.2%, 低位距=56.7%, SOS量比=3.27",L2旁路候选：可测试爆发前夜/试盘观察池
002080,中材科技,玻璃,10.01%,L2淘汰,六通道均未通过；最接近主升通道，但仍差：距MA200过高,"MA50/200=46.58/36.67, bias200=50.4%, RPS50/120=94.0/92.0, 20日涨跌=34.0%, 低位距=307.5%, SOS量比=0.96",事件驱动：不建议硬放宽
002081,金螳螂,装修装饰,10.00%,L2淘汰,六通道均未通过；最接近主升通道，但仍差：距MA200过高,"MA50/200=3.75/3.60, bias200=63.9%, RPS50/120=97.7/94.0, 20日涨跌=73.5%, 低位距=85.0%, SOS量比=8.94",事件驱动：不建议硬放宽
002149,西部材料,小金属,10.00%,L2淘汰,六通道均未通过；最接近主升通道，但仍差：距MA200过高,"MA50/200=50.31/31.83, bias200=99.6%, RPS50/120=92.6/99.7, 20日涨跌=26.9%, 低位距=293.0%, SOS量比=1.00",事件驱动：不建议硬放宽
002156,通富微电,半导体,10.01%,L2淘汰,六通道均未通过；最接近主升通道，但仍差：RS未跑赢大盘、距MA200过高,"MA50/200=46.62/39.22, bias200=32.0%, RPS50/120=79.1/78.7, 20日涨跌=22.1%, 低位距=124.1%, SOS量比=1.61",事件驱动：不建议硬放宽
002158,汉钟精机,工程机械,10.00%,L2淘汰,六通道均未通过；最接近点火通道，但仍差：前日量比不足,"MA50/200=24.59/23.75, bias200=16.3%, RPS50/120=73.6/69.8, 20日涨跌=22.7%, 低位距=67.9%, SOS量比=2.50",L2旁路候选：可测试爆发前夜/试盘观察池
002181,粤传媒,出版业,10.01%,L2淘汰,六通道均未通过；最接近主升通道，但仍差：距MA200过高,"MA50/200=11.89/9.59, bias200=71.9%, RPS50/120=91.1/91.5, 20日涨跌=37.1%, 低位距=215.3%, SOS量比=0.93",事件驱动：不建议硬放宽
002203,海亮股份,铜,10.01%,L2淘汰,六通道均未通过；最接近主升通道，但仍差：距MA200过高,"MA50/200=14.95/12.98, bias200=38.5%, RPS50/120=94.0/91.5, 20日涨跌=24.0%, 低位距=104.4%, SOS量比=1.62",事件驱动：不建议硬放宽
002210,飞马国际,环境保护,10.07%,风控淘汰,stop_loss：主升趋势破位(跌破MA50或高位回撤)；参考价=3.04；L4=-,"L2通道=地量蓄势, 当前=2.98",风控：硬剔除改高风险观察
002217,合力泰,元器件,10.03%,L2淘汰,六通道均未通过；最接近点火通道，但仍差：前日涨幅不足、未突破近20日高点,"MA50/200=2.67/3.00, bias200=-3.8%, RPS50/120=54.5/24.5, 20日涨跌=23.5%, 低位距=41.7%, SOS量比=2.72",L2旁路候选：可测试爆发前夜/试盘观察池
002229,鸿博股份,广告包装,10.01%,L2淘汰,六通道均未通过；最接近潜伏通道，但仍差：短期RPS未降温、长期RPS不足,"MA50/200=17.64/17.50, bias200=-6.3%, RPS50/120=65.7/32.3, 20日涨跌=-10.8%, 低位距=53.9%, SOS量比=0.89",事件驱动：不建议硬放宽
002245,蔚蓝锂芯,电气设备,10.02%,L2淘汰,六通道均未通过；最接近主升通道，但仍差：RS未跑赢大盘、RPS120不足,"MA50/200=18.27/17.45, bias200=18.4%, RPS50/120=90.5/63.6, 20日涨跌=22.0%, 低位距=78.1%, SOS量比=0.80",事件驱动：不建议硬放宽
002272,川润股份,机械基件,10.00%,L2淘汰,六通道均未通过；最接近主升通道，但仍差：RS未跑赢大盘、RPS50不足、RPS120不足,"MA50/200=18.62/16.02, bias200=8.0%, RPS50/120=73.5/67.8, 20日涨跌=-4.0%, 低位距=95.0%, SOS量比=0.54",趋势轨：RPS阈值敏感
002283,天润工业,汽车配件,9.97%,L2淘汰,六通道均未通过；最接近主升通道，但仍差：RS未跑赢大盘、距MA200过高,"MA50/200=9.91/7.36, bias200=52.5%, RPS50/120=94.8/94.3, 20日涨跌=16.4%, 低位距=105.3%, SOS量比=0.63",事件驱动：不建议硬放宽
002290,禾盛新材,家用电器,10.00%,L2淘汰,六通道均未通过；最接近主升通道，但仍差：RS未跑赢大盘、距MA200过高,"MA50/200=66.19/46.92, bias200=73.2%, RPS50/120=95.5/96.8, 20日涨跌=29.3%, 低位距=227.0%, SOS量比=2.37",事件驱动：不建议硬放宽
002353,杰瑞股份,化工机械,9.52%,L2淘汰,六通道均未通过；最接近主升通道，但仍差：距MA200过高,"MA50/200=111.07/70.96, bias200=93.1%, RPS50/120=95.9/99.0, 20日涨跌=36.4%, 低位距=358.3%, SOS量比=1.28",事件驱动：不建议硬放宽
002355,兴民智通,汽车配件,10.00%,L2淘汰,六通道均未通过；最接近潜伏通道，但仍差：长期RPS不足,"MA50/200=6.72/6.41, bias200=-6.3%, RPS50/120=15.1/56.0, 20日涨跌=-9.9%, 低位距=8.1%, SOS量比=0.38",事件驱动：不建议硬放宽
002364,中恒电气,电气设备,10.00%,L2淘汰,六通道均未通过；最接近主升通道，但仍差：RS未跑赢大盘、距MA200过高,"MA50/200=34.54/27.35, bias200=49.1%, RPS50/120=92.3/92.4, 20日涨跌=51.0%, 低位距=195.8%, SOS量比=1.13",事件驱动：不建议硬放宽
002418,康盛股份,家用电器,9.93%,L2淘汰,六通道均未通过；最接近主升通道，但仍差：RS未跑赢大盘,"MA50/200=5.16/4.70, bias200=20.0%, RPS50/120=88.1/76.2, 20日涨跌=17.5%, 低位距=105.8%, SOS量比=1.27",事件驱动：不建议硬放宽
002428,云南锗业,小金属,10.00%,L2淘汰,六通道均未通过；最接近主升通道，但仍差：RS未跑赢大盘、距MA200过高,"MA50/200=51.27/33.83, bias200=106.9%, RPS50/120=99.2/98.3, 20日涨跌=40.3%, 低位距=288.1%, SOS量比=1.39",事件驱动：不建议硬放宽
002453,华软科技,化工原料,9.98%,风控淘汰,stop_loss：主升趋势破位(跌破MA50或高位回撤)；参考价=5.89；L4=-,"L2通道=地量蓄势, 当前=5.61",风控：硬剔除改高风险观察
002491,通鼎互联,通信设备,8.04%,L2淘汰,六通道均未通过；最接近主升通道，但仍差：RS未跑赢大盘、距MA200过高,"MA50/200=12.71/7.53, bias200=109.9%, RPS50/120=97.4/99.4, 20日涨跌=32.1%, 低位距=280.7%, SOS量比=0.72",事件驱动：不建议硬放宽
002515,金字火腿,食品,8.90%,L2淘汰,六通道均未通过；最接近主升通道，但仍差：MA50未站上MA200、RPS120不足,"MA50/200=5.97/6.47, bias200=0.8%, RPS50/120=81.2/48.3, 20日涨跌=15.4%, 低位距=32.0%, SOS量比=2.79",事件驱动：不建议硬放宽
002580,圣阳股份,电气设备,8.37%,L2淘汰,六通道均未通过；最接近主升通道，但仍差：RS未跑赢大盘、距MA200过高,"MA50/200=18.15/14.71, bias200=86.8%, RPS50/120=99.4/96.5, 20日涨跌=49.7%, 低位距=140.8%, SOS量比=1.90",事件驱动：不建议硬放宽
002631,德尔未来,家居用品,8.87%,L2淘汰,六通道均未通过；最接近主升通道，但仍差：距MA200过高,"MA50/200=6.85/5.70, bias200=38.3%, RPS50/120=94.0/89.2, 20日涨跌=16.0%, 低位距=85.2%, SOS量比=1.49",事件驱动：不建议硬放宽
002640,跨境通,互联网,10.14%,风控淘汰,stop_loss：主升趋势破位(跌破MA50或高位回撤)；参考价=3.79；L4=-,"L2通道=地量蓄势, 当前=3.65",风控：硬剔除改高风险观察
002757,南兴股份,专用机械,9.28%,L2淘汰,六通道均未通过；最接近主升通道，但仍差：RS未跑赢大盘、RPS50不足,"MA50/200=21.51/19.59, bias200=18.2%, RPS50/120=74.1/84.1, 20日涨跌=12.5%, 低位距=48.8%, SOS量比=1.35",趋势轨：RPS阈值敏感
002759,天际股份,电气设备,8.45%,L2淘汰,六通道均未通过；最接近主升通道，但仍差：RPS50不足、距MA200过高,"MA50/200=35.68/28.82, bias200=32.2%, RPS50/120=46.0/79.5, 20日涨跌=7.2%, 低位距=435.7%, SOS量比=1.90",趋势轨：RPS阈值敏感
002787,华源控股,广告包装,10.00%,L2淘汰,六通道均未通过；最接近主升通道，但仍差：RS未跑赢大盘、距MA200过高,"MA50/200=14.09/11.26, bias200=72.3%, RPS50/120=97.1/93.7, 20日涨跌=58.8%, 低位距=150.3%, SOS量比=2.12",事件驱动：不建议硬放宽
002792,通宇通讯,通信设备,10.01%,L2淘汰,六通道均未通过；最接近潜伏通道，但仍差：不在MA200附近、20日回调不足,"MA50/200=44.71/30.85, bias200=41.5%, RPS50/120=40.3/98.0, 20日涨跌=2.0%, 低位距=205.7%, SOS量比=0.66",事件驱动：不建议硬放宽
002805,丰元股份,电气设备,10.02%,L2淘汰,六通道均未通过；最接近主升通道，但仍差：距MA200过高,"MA50/200=17.57/16.00, bias200=42.8%, RPS50/120=95.2/90.7, 20日涨跌=30.9%, 低位距=114.0%, SOS量比=0.70",事件驱动：不建议硬放宽
002838,道恩股份,塑料,8.26%,L4未命中,未触发L4：SOS前日涨幅-2.31%/量比1.32；LPS低点距MA20=3.37%/缩量比=0.92；Spring跌破支撑=False/收回=True,"MA20=27.64, support60=23.18",L4：爆发前夜影子触发
002871,伟隆股份,机械基件,9.98%,L2淘汰,六通道均未通过；最接近主升通道，但仍差：RS未跑赢大盘、RPS50不足,"MA50/200=18.57/16.48, bias200=11.9%, RPS50/120=47.5/75.6, 20日涨跌=10.9%, 低位距=96.8%, SOS量比=1.56",趋势轨：RPS阈值敏感
002903,宇环数控,机床制造,10.01%,L2淘汰,六通道均未通过；最接近主升通道，但仍差：距MA200过高,"MA50/200=28.65/24.07, bias200=55.3%, RPS50/120=98.1/92.7, 20日涨跌=34.4%, 低位距=103.1%, SOS量比=1.45",事件驱动：不建议硬放宽
002929,润建股份,通信设备,8.33%,L2淘汰,六通道均未通过；最接近主升通道，但仍差：RS未跑赢大盘、距MA200过高,"MA50/200=52.08/46.94, bias200=27.1%, RPS50/120=90.7/85.8, 20日涨跌=19.7%, 低位距=55.9%, SOS量比=1.71",事件驱动：不建议硬放宽
002975,博杰股份,专用机械,9.13%,L2淘汰,六通道均未通过；最接近主升通道，但仍差：RS未跑赢大盘、距MA200过高,"MA50/200=83.51/68.13, bias200=62.0%, RPS50/120=95.9/90.8, 20日涨跌=54.2%, 低位距=294.9%, SOS量比=1.28",事件驱动：不建议硬放宽
002989,中天精装,装修装饰,10.00%,风控淘汰,stop_loss：主升趋势破位(跌破MA50或高位回撤)；参考价=29.25；L4=-,"L2通道=地量蓄势, 当前=29.21",风控：硬剔除改高风险观察
002990,盛视科技,软件服务,8.51%,L2淘汰,六通道均未通过；最接近主升通道，但仍差：距MA200过高,"MA50/200=33.77/30.81, bias200=74.7%, RPS50/120=99.1/94.7, 20日涨跌=75.6%, 低位距=112.0%, SOS量比=1.24",事件驱动：不建议硬放宽
003007,直真科技,软件服务,10.00%,L2淘汰,六通道均未通过；最接近主升通道，但仍差：RS未跑赢大盘、RPS50不足,"MA50/200=43.92/38.68, bias200=15.6%, RPS50/120=65.9/82.2, 20日涨跌=8.0%, 低位距=64.2%, SOS量比=0.60",趋势轨：RPS阈值敏感
003036,泰坦股份,纺织机械,8.09%,L2淘汰,六通道均未通过；最接近主升通道，但仍差：RS未跑赢大盘、距MA200过高,"MA50/200=23.58/18.68, bias200=75.3%, RPS50/120=99.0/92.6, 20日涨跌=24.6%, 低位距=166.5%, SOS量比=1.78",事件驱动：不建议硬放宽
003041,真爱美家,纺织,10.00%,L2淘汰,六通道均未通过；最接近潜伏通道，但仍差：不在MA200附近、20日回调不足,"MA50/200=55.95/41.67, bias200=25.7%, RPS50/120=34.9/96.7, 20日涨跌=3.8%, 低位距=140.8%, SOS量比=0.77",事件驱动：不建议硬放宽
300017,网宿科技,软件服务,8.12%,L2淘汰,六通道均未通过；最接近潜伏通道，但仍差：不在MA200附近,"MA50/200=18.34/13.23, bias200=20.9%, RPS50/120=23.0/86.9, 20日涨跌=-9.8%, 低位距=63.9%, SOS量比=0.45",事件驱动：不建议硬放宽
300042,朗科科技,IT设备,19.99%,L2淘汰,六通道均未通过；最接近主升通道，但仍差：距MA200过高,"MA50/200=44.07/31.92, bias200=63.7%, RPS50/120=97.6/93.8, 20日涨跌=21.1%, 低位距=142.6%, SOS量比=1.46",事件驱动：不建议硬放宽
300053,航宇微,半导体,8.83%,L2淘汰,六通道均未通过；最接近主升通道，但仍差：RS未跑赢大盘、RPS50不足,"MA50/200=18.19/16.35, bias200=9.5%, RPS50/120=23.8/85.3, 20日涨跌=5.5%, 低位距=58.7%, SOS量比=1.02",趋势轨：RPS阈值敏感
300067,安诺其,染料涂料,10.51%,L2淘汰,六通道均未通过；最接近主升通道，但仍差：距MA200过高,"MA50/200=5.24/5.14, bias200=33.1%, RPS50/120=91.3/91.1, 20日涨跌=42.7%, 低位距=67.9%, SOS量比=2.93",事件驱动：不建议硬放宽
300113,顺网科技,互联网,8.43%,L2淘汰,六通道均未通过；最接近潜伏通道，但仍差：短期RPS未降温,"MA50/200=27.61/23.63, bias200=6.9%, RPS50/120=46.9/71.9, 20日涨跌=-11.5%, 低位距=44.0%, SOS量比=0.54",事件驱动：不建议硬放宽
300133,华策影视,影视音像,10.18%,L2淘汰,六通道均未通过；最接近潜伏通道，但仍差：20日回调不足,"MA50/200=7.93/8.17, bias200=7.0%, RPS50/120=6.6/71.0, 20日涨跌=18.7%, 低位距=32.6%, SOS量比=1.15",事件驱动：不建议硬放宽
300139,晓程科技,黄金,10.29%,L2淘汰,六通道均未通过；最接近潜伏通道，但仍差：不在MA200附近,"MA50/200=60.92/36.83, bias200=43.6%, RPS50/120=40.2/97.3, 20日涨跌=-11.0%, 低位距=208.3%, SOS量比=0.45",事件驱动：不建议硬放宽
300166,东方国信,软件服务,20.01%,L2淘汰,六通道均未通过；最接近主升通道，但仍差：RS未跑赢大盘、距MA200过高,"MA50/200=14.66/11.77, bias200=31.2%, RPS50/120=89.3/89.1, 20日涨跌=3.5%, 低位距=68.0%, SOS量比=1.10",事件驱动：不建议硬放宽
300170,汉得信息,软件服务,12.76%,L2淘汰,六通道均未通过；最接近潜伏通道，但仍差：20日回调不足、长期RPS不足,"MA50/200=21.80/20.07, bias200=-1.2%, RPS50/120=7.6/66.5, 20日涨跌=1.0%, 低位距=27.0%, SOS量比=0.40",事件驱动：不建议硬放宽
300209,行云科技,互联网,19.63%,L2淘汰,六通道均未通过；最接近主升通道，但仍差：距MA200过高,"MA50/200=10.68/7.04, bias200=148.0%, RPS50/120=99.4/99.0, 20日涨跌=70.4%, 低位距=255.8%, SOS量比=1.81",事件驱动：不建议硬放宽
300214,日科化学,化工原料,10.57%,L2淘汰,六通道均未通过；最接近主升通道，但仍差：RS未跑赢大盘、RPS120不足,"MA50/200=7.56/7.45, bias200=10.5%, RPS50/120=83.8/59.3, 20日涨跌=12.6%, 低位距=41.7%, SOS量比=1.26",事件驱动：不建议硬放宽
300222,科大智能,电气设备,10.54%,L2淘汰,六通道均未通过；最接近吸筹通道，但仍差：60日振幅未收敛,"MA50/200=11.57/11.75, bias200=-4.7%, RPS50/120=48.7/26.6, 20日涨跌=3.0%, 低位距=19.4%, SOS量比=0.45",左侧轨：吸筹阈值敏感
300223,北京君正,半导体,10.07%,L2淘汰,六通道均未通过；最接近主升通道，但仍差：RS未跑赢大盘、RPS50不足、距MA200过高,"MA50/200=119.28/97.52, bias200=27.3%, RPS50/120=70.0/88.3, 20日涨跌=14.8%, 低位距=97.1%, SOS量比=1.22",趋势轨：RPS阈值敏感
300254,仟源医药,化学制药,8.74%,L1淘汰,市值不足：34.57亿 < 35.00亿,20日均额=19033.0万,L1流动性/市值
300255,常山药业,生物制药,11.15%,L2淘汰,六通道均未通过；最接近潜伏通道，但仍差：不在MA200附近、20日回调不足、长期RPS不足,"MA50/200=41.72/50.05, bias200=-17.4%, RPS50/120=25.4/0.5, 20日涨跌=4.7%, 低位距=101.9%, SOS量比=0.85",事件驱动：不建议硬放宽
300302,同有科技,IT设备,8.44%,L2淘汰,六通道均未通过；最接近主升通道，但仍差：距MA200过高,"MA50/200=21.57/19.30, bias200=43.6%, RPS50/120=96.7/81.9, 20日涨跌=37.4%, 低位距=102.9%, SOS量比=1.51",事件驱动：不建议硬放宽
300303,聚飞光电,半导体,8.44%,L2淘汰,六通道均未通过；最接近主升通道，但仍差：RS未跑赢大盘,"MA50/200=9.50/7.44, bias200=19.5%, RPS50/120=89.6/84.6, 20日涨跌=-1.0%, 低位距=54.3%, SOS量比=0.65",事件驱动：不建议硬放宽
300368,汇金股份,IT设备,20.00%,L2淘汰,六通道均未通过；最接近潜伏通道，但仍差：不在MA200附近、长期RPS不足,"MA50/200=11.59/14.06, bias200=-27.5%, RPS50/120=8.0/0.2, 20日涨跌=-10.8%, 低位距=113.4%, SOS量比=0.60",事件驱动：不建议硬放宽
300383,光环新网,软件服务,8.74%,L2淘汰,六通道均未通过；最接近潜伏通道，但仍差：条件基本接近,"MA50/200=16.70/14.89, bias200=6.8%, RPS50/120=34.7/74.2, 20日涨跌=-9.9%, 低位距=29.1%, SOS量比=0.64",事件驱动：不建议硬放宽
300393,中来股份,塑料,10.08%,L2淘汰,六通道均未通过；最接近主升通道，但仍差：RPS50不足、距MA200过高,"MA50/200=10.25/7.68, bias200=31.8%, RPS50/120=69.6/93.2, 20日涨跌=1.4%, 低位距=102.4%, SOS量比=0.42",趋势轨：RPS阈值敏感
300442,润泽科技,软件服务,8.03%,L2淘汰,六通道均未通过；最接近主升通道，但仍差：RS未跑赢大盘、距MA200过高,"MA50/200=88.95/62.89, bias200=41.6%, RPS50/120=76.5/95.9, 20日涨跌=5.3%, 低位距=110.3%, SOS量比=0.61",事件驱动：不建议硬放宽
300456,赛微电子,半导体,13.57%,L2淘汰,六通道均未通过；最接近主升通道，但仍差：RS未跑赢大盘、RPS50不足,"MA50/200=49.65/38.41, bias200=19.3%, RPS50/120=18.9/95.4, 20日涨跌=-0.5%, 低位距=193.7%, SOS量比=0.79",趋势轨：RPS阈值敏感
300475,香农芯创,元器件,11.43%,L2淘汰,六通道均未通过；最接近主升通道，但仍差：距MA200过高,"MA50/200=150.08/115.15, bias200=51.7%, RPS50/120=92.2/84.2, 20日涨跌=36.4%, 低位距=524.2%, SOS量比=1.23",事件驱动：不建议硬放宽
300489,光智科技,专用机械,14.19%,L2淘汰,六通道均未通过；最接近主升通道，但仍差：RS未跑赢大盘、距MA200过高,"MA50/200=56.30/47.05, bias200=105.8%, RPS50/120=99.7/97.9, 20日涨跌=98.7%, 低位距=147.3%, SOS量比=1.60",事件驱动：不建议硬放宽
300553,集智股份,电器仪表,8.46%,L2淘汰,六通道均未通过；最接近主升通道，但仍差：RS未跑赢大盘、RPS50不足、RPS120不足,"MA50/200=40.37/39.74, bias200=11.0%, RPS50/120=68.4/66.9, 20日涨跌=14.2%, 低位距=35.4%, SOS量比=1.07",趋势轨：RPS阈值敏感
300571,平治信息,互联网,16.17%,L2淘汰,六通道均未通过；最接近主升通道，但仍差：距MA200过高,"MA50/200=33.37/31.74, bias200=39.7%, RPS50/120=94.9/87.9, 20日涨跌=32.6%, 低位距=67.2%, SOS量比=1.90",事件驱动：不建议硬放宽
300617,安靠智电,电气设备,8.90%,L2淘汰,六通道均未通过；最接近主升通道，但仍差：RS未跑赢大盘、距MA200过高,"MA50/200=59.27/41.48, bias200=45.4%, RPS50/120=91.3/94.4, 20日涨跌=6.5%, 低位距=128.6%, SOS量比=0.53",事件驱动：不建议硬放宽
300631,久吾高科,环境保护,9.24%,L2淘汰,六通道均未通过；最接近点火通道，但仍差：前日涨幅不足、前日量比不足,"MA50/200=27.68/30.23, bias200=-6.6%, RPS50/120=60.9/25.8, 20日涨跌=8.1%, 低位距=42.6%, SOS量比=0.90",L2旁路候选：可测试爆发前夜/试盘观察池
300652,雷迪克,汽车配件,20.01%,L3淘汰,"行业共振未通过：所属行业=汽车配件；Top行业=机床制造, 塑料, 软饮料, 其他商业, 半导体",L2通道=地量蓄势,L3：小题材/强个股绕行
300656,民德电子,IT设备,15.38%,L2淘汰,六通道均未通过；最接近潜伏通道，但仍差：20日回调不足、长期RPS不足,"MA50/200=23.39/24.45, bias200=3.4%, RPS50/120=33.8/66.6, 20日涨跌=20.3%, 低位距=26.3%, SOS量比=1.04",事件驱动：不建议硬放宽
300706,阿石创,元器件,8.94%,L2淘汰,六通道均未通过；最接近点火通道，但仍差：前日涨幅不足、前日量比不足,"MA50/200=37.92/37.95, bias200=12.0%, RPS50/120=66.2/69.9, 20日涨跌=31.2%, 低位距=114.6%, SOS量比=1.60",L2旁路候选：可测试爆发前夜/试盘观察池
300745,欣锐科技,汽车配件,17.32%,L2淘汰,六通道均未通过；最接近主升通道，但仍差：距MA200过高,"MA50/200=26.70/24.78, bias200=35.8%, RPS50/120=92.7/76.4, 20日涨跌=22.6%, 低位距=112.6%, SOS量比=2.69",事件驱动：不建议硬放宽
300769,德方纳米,化工原料,11.40%,L2淘汰,六通道均未通过；最接近主升通道，但仍差：距MA200过高,"MA50/200=45.64/42.63, bias200=68.8%, RPS50/120=98.6/91.5, 20日涨跌=64.0%, 低位距=167.0%, SOS量比=4.44",事件驱动：不建议硬放宽
300798,锦鸡股份,染料涂料,11.29%,L2淘汰,六通道均未通过；最接近主升通道，但仍差：RS未跑赢大盘、RPS50不足,"MA50/200=10.03/8.67, bias200=17.5%, RPS50/120=72.7/84.8, 20日涨跌=2.4%, 低位距=57.0%, SOS量比=0.54",趋势轨：RPS阈值敏感
300846,首都在线,软件服务,10.09%,L2淘汰,六通道均未通过；最接近主升通道，但仍差：RS未跑赢大盘、RPS50不足,"MA50/200=30.88/24.19, bias200=10.6%, RPS50/120=59.8/77.9, 20日涨跌=-9.6%, 低位距=50.7%, SOS量比=0.36",趋势轨：RPS阈值敏感
300853,申昊科技,专用机械,10.31%,L2淘汰,六通道均未通过；最接近主升通道，但仍差：MA50未站上MA200、RS未跑赢大盘、距MA200过高,"MA50/200=22.18/22.80, bias200=31.0%, RPS50/120=94.4/84.1, 20日涨跌=58.3%, 低位距=69.1%, SOS量比=2.03",事件驱动：不建议硬放宽
300857,协创数据,IT设备,8.36%,L2淘汰,六通道均未通过；最接近主升通道，但仍差：RS未跑赢大盘、距MA200过高,"MA50/200=245.06/166.93, bias200=55.6%, RPS50/120=88.9/92.1, 20日涨跌=17.9%, 低位距=264.3%, SOS量比=1.82",事件驱动：不建议硬放宽
300872,天阳科技,软件服务,10.66%,L2淘汰,六通道均未通过；最接近潜伏通道，但仍差：不在MA200附近、20日回调不足、长期RPS不足,"MA50/200=17.00/20.95, bias200=-21.2%, RPS50/120=43.8/4.9, 20日涨跌=1.5%, 低位距=14.4%, SOS量比=1.31",事件驱动：不建议硬放宽
300895,铜牛信息,软件服务,14.85%,L2淘汰,六通道均未通过；最接近主升通道，但仍差：RS未跑赢大盘,"MA50/200=62.38/51.48, bias200=18.5%, RPS50/120=81.9/82.5, 20日涨跌=-12.6%, 低位距=50.0%, SOS量比=0.79",事件驱动：不建议硬放宽
300936,中英科技,元器件,8.32%,L2淘汰,六通道均未通过；最接近主升通道，但仍差：RS未跑赢大盘、距MA200过高,"MA50/200=60.30/44.86, bias200=62.6%, RPS50/120=98.3/95.5, 20日涨跌=15.4%, 低位距=111.5%, SOS量比=0.65",事件驱动：不建议硬放宽
300975,商络电子,元器件,11.88%,L2淘汰,六通道均未通过；最接近主升通道，但仍差：RS未跑赢大盘、距MA200过高,"MA50/200=18.00/14.28, bias200=43.3%, RPS50/120=94.8/89.8, 20日涨跌=14.2%, 低位距=98.3%, SOS量比=0.94",事件驱动：不建议硬放宽
300983,尤安设计,建筑工程,12.85%,L1淘汰,成交额不足：2760.2万 < 5000.0万,市值=55.3亿,L1流动性/市值
301070,开勒股份,机械基件,9.30%,L2淘汰,六通道均未通过；最接近主升通道，但仍差：RS未跑赢大盘、距MA200过高,"MA50/200=75.26/60.06, bias200=51.0%, RPS50/120=96.5/88.1, 20日涨跌=35.4%, 低位距=115.5%, SOS量比=0.99",事件驱动：不建议硬放宽
301085,亚康股份,软件服务,11.61%,L2淘汰,六通道均未通过；最接近主升通道，但仍差：RS未跑赢大盘、RPS50不足,"MA50/200=64.27/58.97, bias200=18.8%, RPS50/120=36.9/85.5, 20日涨跌=16.9%, 低位距=40.3%, SOS量比=0.61",趋势轨：RPS阈值敏感
301115,联检科技,建筑工程,9.16%,L2淘汰,六通道均未通过；最接近主升通道，但仍差：RS未跑赢大盘,"MA50/200=20.81/17.59, bias200=19.8%, RPS50/120=85.7/80.7, 20日涨跌=2.2%, 低位距=57.2%, SOS量比=1.25",事件驱动：不建议硬放宽
301150,中一科技,电气设备,9.75%,L2淘汰,六通道均未通过；最接近主升通道，但仍差：距MA200过高,"MA50/200=53.71/41.84, bias200=63.8%, RPS50/120=97.0/90.9, 20日涨跌=21.5%, 低位距=320.1%, SOS量比=1.42",事件驱动：不建议硬放宽
301165,锐捷网络,通信设备,9.36%,L2淘汰,六通道均未通过；最接近主升通道，但仍差：RS未跑赢大盘,"MA50/200=88.26/80.45, bias200=15.5%, RPS50/120=88.7/80.5, 20日涨跌=13.9%, 低位距=91.6%, SOS量比=1.21",事件驱动：不建议硬放宽
301176,逸豪新材,元器件,13.49%,L2淘汰,六通道均未通过；最接近主升通道，但仍差：MA50未站上MA200、距MA200过高,"MA50/200=28.42/28.42, bias200=31.4%, RPS50/120=96.7/86.0, 20日涨跌=39.1%, 低位距=140.2%, SOS量比=1.63",事件驱动：不建议硬放宽
301186,超达装备,专用机械,9.64%,L2淘汰,六通道均未通过；最接近主升通道，但仍差：RS未跑赢大盘、距MA200过高,"MA50/200=57.27/49.09, bias200=35.4%, RPS50/120=93.7/87.3, 20日涨跌=14.4%, 低位距=80.6%, SOS量比=0.99",事件驱动：不建议硬放宽
301205,联特科技,通信设备,11.19%,L2淘汰,六通道均未通过；最接近主升通道，但仍差：RS未跑赢大盘、距MA200过高,"MA50/200=228.73/152.52, bias200=54.3%, RPS50/120=90.5/96.7, 20日涨跌=5.7%, 低位距=289.4%, SOS量比=0.68",事件驱动：不建议硬放宽
301217,铜冠铜箔,元器件,13.03%,L2淘汰,六通道均未通过；最接近主升通道，但仍差：距MA200过高,"MA50/200=44.24/33.86, bias200=131.3%, RPS50/120=99.8/97.6, 20日涨跌=103.0%, 低位距=686.5%, SOS量比=2.03",事件驱动：不建议硬放宽
301235,华康洁净,医疗保健,12.63%,L2淘汰,六通道均未通过；最接近主升通道，但仍差：RS未跑赢大盘、RPS50不足、距MA200过高,"MA50/200=49.83/38.24, bias200=32.3%, RPS50/120=72.6/93.1, 20日涨跌=9.5%, 低位距=155.4%, SOS量比=0.53",趋势轨：RPS阈值敏感
301246,宏源药业,化学制药,8.01%,L2淘汰,六通道均未通过；最接近主升通道，但仍差：距MA200过高,"MA50/200=22.50/19.07, bias200=57.2%, RPS50/120=95.4/91.2, 20日涨跌=28.2%, 低位距=134.9%, SOS量比=3.71",事件驱动：不建议硬放宽
301286,侨源股份,化工原料,12.86%,L2淘汰,六通道均未通过；最接近主升通道，但仍差：RPS50不足、距MA200过高,"MA50/200=49.76/38.57, bias200=31.4%, RPS50/120=46.4/95.5, 20日涨跌=11.1%, 低位距=110.5%, SOS量比=2.16",趋势轨：RPS阈值敏感
301292,海科新源,化工原料,8.11%,L2淘汰,六通道均未通过；最接近主升通道，但仍差：RS未跑赢大盘、距MA200过高,"MA50/200=75.13/48.21, bias200=76.0%, RPS50/120=97.3/98.0, 20日涨跌=-6.8%, 低位距=527.0%, SOS量比=1.23",事件驱动：不建议硬放宽
301308,江波龙,半导体,20.00%,L2淘汰,六通道均未通过；最接近主升通道，但仍差：距MA200过高,"MA50/200=331.64/230.46, bias200=74.1%, RPS50/120=95.2/90.8, 20日涨跌=34.1%, 低位距=467.0%, SOS量比=1.19",事件驱动：不建议硬放宽
301316,慧博云通,软件服务,12.66%,L2淘汰,六通道均未通过；最接近点火通道，但仍差：前日量比不足,"MA50/200=44.97/48.23, bias200=5.6%, RPS50/120=86.2/30.6, 20日涨跌=24.6%, 低位距=165.4%, SOS量比=2.29",L2旁路候选：可测试爆发前夜/试盘观察池
301319,唯特偶,元器件,10.78%,L2淘汰,六通道均未通过；最接近主升通道，但仍差：RS未跑赢大盘、距MA200过高,"MA50/200=51.21/42.98, bias200=64.7%, RPS50/120=97.1/94.3, 20日涨跌=70.0%, 低位距=198.6%, SOS量比=1.14",事件驱动：不建议硬放宽
301338,凯格精机,专用机械,12.41%,L2淘汰,六通道均未通过；最接近主升通道，但仍差：RS未跑赢大盘、距MA200过高,"MA50/200=170.79/96.69, bias200=100.6%, RPS50/120=96.6/98.9, 20日涨跌=7.6%, 低位距=518.0%, SOS量比=1.02",事件驱动：不建议硬放宽
301363,美好医疗,医疗保健,13.12%,L2淘汰,六通道均未通过；最接近潜伏通道，但仍差：20日回调不足,"MA50/200=27.55/25.00, bias200=7.0%, RPS50/120=19.6/71.0, 20日涨跌=0.8%, 低位距=60.8%, SOS量比=0.70",事件驱动：不建议硬放宽
301468,博盈特焊,专用机械,11.01%,L2淘汰,六通道均未通过；最接近主升通道，但仍差：RS未跑赢大盘、RPS50不足,"MA50/200=56.96/43.55, bias200=23.9%, RPS50/120=3.7/89.5, 20日涨跌=12.0%, 低位距=160.8%, SOS量比=0.92",趋势轨：RPS阈值敏感
301502,华阳智能,电气设备,8.51%,L1淘汰,市值不足：28.30亿 < 35.00亿,20日均额=6826.0万,L1流动性/市值
301511,德福科技,电气设备,20.00%,L2淘汰,六通道均未通过；最接近主升通道，但仍差：距MA200过高,"MA50/200=43.41/35.75, bias200=110.4%, RPS50/120=99.8/97.4, 20日涨跌=90.1%, 低位距=455.0%, SOS量比=1.56",事件驱动：不建议硬放宽
301526,国际复材,玻璃,17.97%,L2淘汰,六通道均未通过；最接近主升通道，但仍差：距MA200过高,"MA50/200=13.04/8.13, bias200=97.8%, RPS50/120=97.9/98.5, 20日涨跌=35.9%, 低位距=384.3%, SOS量比=1.19",事件驱动：不建议硬放宽
301599,C理奇,专用机械,12.47%,L2淘汰,六通道均未通过；最接近点火通道，但仍差：前日量比不足、未突破近20日高点,"MA50/200=-/-, bias200=-, RPS50/120=-/-, 20日涨跌=-, 低位距=-, SOS量比=-",L2旁路候选：可测试爆发前夜/试盘观察池
301600,慧翰股份,通信设备,8.37%,L2淘汰,六通道均未通过；最接近吸筹通道，但仍差：60日振幅未收敛、MA50/MA200未胶着,"MA50/200=110.40/121.05, bias200=-10.0%, RPS50/120=25.8/33.4, 20日涨跌=6.3%, 低位距=18.5%, SOS量比=0.96",左侧轨：吸筹阈值敏感
301666,大普微-UW,IT设备,19.18%,L2淘汰,六通道均未通过；最接近点火通道，但仍差：前日量比不足,"MA50/200=-/-, bias200=-, RPS50/120=-/-, 20日涨跌=-, 低位距=48.2%, SOS量比=0.79",L2旁路候选：可测试爆发前夜/试盘观察池
600081,东风科技,汽车配件,8.68%,L1淘汰,成交额不足：2598.0万 < 5000.0万,市值=62.4亿,L1流动性/市值
600113,浙江东日,区域地产,10.00%,L2淘汰,六通道均未通过；最接近潜伏通道，但仍差：不在MA200附近、长期RPS不足,"MA50/200=51.59/51.56, bias200=-13.3%, RPS50/120=4.8/36.7, 20日涨跌=-8.2%, 低位距=223.8%, SOS量比=1.06",事件驱动：不建议硬放宽
600130,波导股份,元器件,9.96%,L1淘汰,市值不足：34.65亿 < 35.00亿,20日均额=8957.4万,L1流动性/市值
600301,华锡有色,小金属,9.99%,L2淘汰,六通道均未通过；最接近主升通道，但仍差：RS未跑赢大盘、RPS50不足、距MA200过高,"MA50/200=54.26/39.13, bias200=29.1%, RPS50/120=68.4/91.8, 20日涨跌=2.0%, 低位距=173.1%, SOS量比=1.01",趋势轨：RPS阈值敏感
600379,宝光股份,电气设备,10.01%,L2淘汰,六通道均未通过；最接近主升通道，但仍差：距MA200过高,"MA50/200=12.58/12.56, bias200=33.6%, RPS50/120=93.0/82.2, 20日涨跌=42.0%, 低位距=80.4%, SOS量比=4.69",事件驱动：不建议硬放宽
600396,华电辽能,火力发电,9.98%,L2淘汰,六通道均未通过；最接近主升通道，但仍差：RS未跑赢大盘、距MA200过高,"MA50/200=6.31/4.00, bias200=148.0%, RPS50/120=99.9/99.4, 20日涨跌=31.9%, 低位距=271.5%, SOS量比=1.51",事件驱动：不建议硬放宽
600487,亨通光电,通信设备,9.28%,L2淘汰,六通道均未通过；最接近主升通道，但仍差：RS未跑赢大盘、距MA200过高,"MA50/200=52.16/29.36, bias200=123.8%, RPS50/120=97.5/99.3, 20日涨跌=26.4%, 低位距=346.6%, SOS量比=0.97",事件驱动：不建议硬放宽
600527,江南高纤,化纤,10.17%,L2淘汰,六通道均未通过；最接近主升通道，但仍差：距MA200过高,"MA50/200=2.51/2.30, bias200=28.3%, RPS50/120=92.4/83.4, 20日涨跌=16.1%, 低位距=49.7%, SOS量比=1.88",事件驱动：不建议硬放宽
600589,大位科技,软件服务,10.03%,L2淘汰,六通道均未通过；最接近潜伏通道，但仍差：不在MA200附近,"MA50/200=11.14/8.88, bias200=13.4%, RPS50/120=29.5/87.8, 20日涨跌=-8.1%, 低位距=58.3%, SOS量比=0.77",事件驱动：不建议硬放宽
600666,奥瑞德,元器件,9.92%,L2淘汰,六通道均未通过；最接近主升通道，但仍差：RS未跑赢大盘、距MA200过高,"MA50/200=5.20/3.98, bias200=31.6%, RPS50/120=94.3/89.4, 20日涨跌=-16.4%, 低位距=115.6%, SOS量比=0.87",事件驱动：不建议硬放宽
600673,东阳光,综合类,10.00%,L2淘汰,六通道均未通过；最接近主升通道，但仍差：RS未跑赢大盘、距MA200过高,"MA50/200=32.60/23.62, bias200=49.9%, RPS50/120=92.3/94.1, 20日涨跌=12.7%, 低位距=289.0%, SOS量比=1.35",事件驱动：不建议硬放宽
600719,大连热电,供气供热,10.06%,L1淘汰,市值不足：31.36亿 < 35.00亿,20日均额=15522.2万,L1流动性/市值
600770,综艺股份,综合类,9.97%,L2淘汰,六通道均未通过；最接近主升通道，但仍差：距MA200过高,"MA50/200=6.07/5.76, bias200=32.3%, RPS50/120=82.6/86.9, 20日涨跌=36.3%, 低位距=95.4%, SOS量比=3.95",事件驱动：不建议硬放宽
600790,轻纺城,商品城,10.00%,L4未命中,未触发L4：SOS前日涨幅2.19%/量比4.49；LPS低点距MA20=2.45%/缩量比=1.96；Spring跌破支撑=False/收回=True,"MA20=3.80, support60=3.49",L4：爆发前夜影子触发
600821,金开新能,新型电力,10.00%,L2淘汰,六通道均未通过；最接近主升通道，但仍差：RS未跑赢大盘,"MA50/200=8.78/6.38, bias200=22.3%, RPS50/120=94.1/87.4, 20日涨跌=-13.7%, 低位距=52.9%, SOS量比=0.89",事件驱动：不建议硬放宽
600988,赤峰黄金,黄金,8.18%,L2淘汰,六通道均未通过；最接近主升通道，但仍差：RS未跑赢大盘、RPS50不足,"MA50/200=41.16/32.47, bias200=17.0%, RPS50/120=71.9/82.5, 20日涨跌=-16.2%, 低位距=66.3%, SOS量比=0.56",趋势轨：RPS阈值敏感
601016,节能风电,新型电力,10.09%,L2淘汰,六通道均未通过；最接近主升通道，但仍差：RS未跑赢大盘、距MA200过高,"MA50/200=4.06/3.33, bias200=28.1%, RPS50/120=94.7/86.8, 20日涨跌=0.0%, 低位距=50.0%, SOS量比=1.20",事件驱动：不建议硬放宽
601778,晶科科技,新型电力,10.00%,L2淘汰,六通道均未通过；最接近主升通道，但仍差：RS未跑赢大盘、距MA200过高,"MA50/200=5.51/4.20, bias200=54.8%, RPS50/120=96.3/95.2, 20日涨跌=30.5%, 低位距=151.0%, SOS量比=1.50",事件驱动：不建议硬放宽
601991,大唐发电,火力发电,10.10%,L3淘汰,"行业共振未通过：所属行业=火力发电；Top行业=机床制造, 塑料, 软饮料, 其他商业, 半导体",L2通道=主升通道,L3：小题材/强个股绕行
603001,奥康国际,服饰,9.96%,L1淘汰,市值不足：33.00亿 < 35.00亿,20日均额=7429.3万,L1流动性/市值
603045,福达合金,小金属,10.00%,L2淘汰,六通道均未通过；最接近主升通道，但仍差：距MA200过高,"MA50/200=32.56/23.57, bias200=98.1%, RPS50/120=98.3/96.9, 20日涨跌=58.1%, 低位距=224.6%, SOS量比=0.33",事件驱动：不建议硬放宽
603050,科林电气,电气设备,8.85%,L2淘汰,六通道均未通过；最接近主升通道，但仍差：RPS120不足,"MA50/200=21.16/18.68, bias200=16.2%, RPS50/120=76.7/69.4, 20日涨跌=7.7%, 低位距=52.5%, SOS量比=2.10",事件驱动：不建议硬放宽
603063,禾望电气,电气设备,10.00%,L2淘汰,六通道均未通过；最接近主升通道，但仍差：距MA200过高,"MA50/200=33.80/33.01, bias200=32.9%, RPS50/120=96.5/88.9, 20日涨跌=37.6%, 低位距=55.8%, SOS量比=1.36",事件驱动：不建议硬放宽
603115,海星股份,铝,10.00%,L2淘汰,六通道均未通过；最接近主升通道，但仍差：RS未跑赢大盘、距MA200过高,"MA50/200=39.13/23.99, bias200=137.2%, RPS50/120=99.6/99.2, 20日涨跌=21.4%, 低位距=335.6%, SOS量比=0.44",事件驱动：不建议硬放宽
603156,养元饮品,软饮料,10.01%,L2淘汰,六通道均未通过；最接近主升通道，但仍差：距MA200过高,"MA50/200=31.20/27.38, bias200=37.2%, RPS50/120=90.9/85.1, 20日涨跌=22.8%, 低位距=79.5%, SOS量比=1.54",事件驱动：不建议硬放宽
603158,腾龙股份,汽车配件,10.03%,L2淘汰,六通道均未通过；最接近主升通道，但仍差：RS未跑赢大盘,"MA50/200=11.99/10.74, bias200=18.8%, RPS50/120=87.3/79.3, 20日涨跌=3.9%, 低位距=67.7%, SOS量比=0.78",事件驱动：不建议硬放宽
603162,海通发展,水运,10.02%,L2淘汰,六通道均未通过；最接近主升通道，但仍差：RS未跑赢大盘、RPS50不足、距MA200过高,"MA50/200=14.15/11.57, bias200=28.5%, RPS50/120=72.0/86.6, 20日涨跌=11.0%, 低位距=90.2%, SOS量比=0.83",趋势轨：RPS阈值敏感
603248,锡华科技,机械基件,10.00%,L2淘汰,六通道均未通过；最接近潜伏通道，但仍差：不在MA200附近、短期RPS未降温、长期RPS不足,"MA50/200=26.62/-, bias200=-, RPS50/120=-/-, 20日涨跌=-14.8%, 低位距=16.6%, SOS量比=0.42",事件驱动：不建议硬放宽
603256,宏和科技,玻璃,10.00%,L2淘汰,六通道均未通过；最接近主升通道，但仍差：距MA200过高,"MA50/200=81.24/46.36, bias200=156.9%, RPS50/120=99.2/99.6, 20日涨跌=63.3%, 低位距=1284.9%, SOS量比=1.42",事件驱动：不建议硬放宽
603269,海鸥股份,机械基件,9.99%,L2淘汰,六通道均未通过；最接近主升通道，但仍差：RS未跑赢大盘,"MA50/200=14.65/12.73, bias200=17.2%, RPS50/120=88.6/78.0, 20日涨跌=8.7%, 低位距=73.7%, SOS量比=0.59",事件驱动：不建议硬放宽
603278,大业股份,钢加工,10.00%,L2淘汰,六通道均未通过；最接近潜伏通道，但仍差：20日回调不足、长期RPS不足,"MA50/200=11.56/11.10, bias200=0.9%, RPS50/120=28.5/68.9, 20日涨跌=1.8%, 低位距=28.6%, SOS量比=1.78",事件驱动：不建议硬放宽
603316,诚邦股份,建筑工程,10.01%,L2淘汰,六通道均未通过；最接近主升通道，但仍差：RS未跑赢大盘,"MA50/200=14.98/13.10, bias200=19.0%, RPS50/120=83.3/74.9, 20日涨跌=9.6%, 低位距=201.0%, SOS量比=3.99",事件驱动：不建议硬放宽
603353,和顺石油,石油贸易,10.00%,L2淘汰,六通道均未通过；最接近主升通道，但仍差：距MA200过高,"MA50/200=39.50/27.21, bias200=58.3%, RPS50/120=85.6/96.4, 20日涨跌=29.9%, 低位距=189.6%, SOS量比=1.78",事件驱动：不建议硬放宽
603399,永杉锂业,小金属,10.01%,L2淘汰,六通道均未通过；最接近主升通道，但仍差：距MA200过高,"MA50/200=11.96/10.86, bias200=78.5%, RPS50/120=98.9/94.7, 20日涨跌=73.6%, 低位距=133.1%, SOS量比=0.25",事件驱动：不建议硬放宽
603418,友升股份,汽车配件,10.01%,L1淘汰,成交额不足：4193.8万 < 5000.0万,市值=99.7亿,L1流动性/市值
603459,红板科技,元器件,8.50%,L2淘汰,六通道均未通过；最接近吸筹通道，但仍差：60日振幅未收敛、量能未萎缩、MA50/MA200未胶着,"MA50/200=-/-, bias200=-, RPS50/120=-/-, 20日涨跌=-, 低位距=22.8%, SOS量比=0.44",左侧轨：吸筹阈值敏感
603538,美诺华,化学制药,9.67%,L2淘汰,六通道均未通过；最接近主升通道，但仍差：距MA200过高,"MA50/200=36.55/26.25, bias200=137.9%, RPS50/120=99.9/98.6, 20日涨跌=57.0%, 低位距=362.0%, SOS量比=1.87",事件驱动：不建议硬放宽
603618,杭电股份,电气设备,10.01%,L2淘汰,六通道均未通过；最接近主升通道，但仍差：RS未跑赢大盘、距MA200过高,"MA50/200=22.67/11.79, bias200=139.6%, RPS50/120=99.1/99.7, 20日涨跌=-0.4%, 低位距=397.5%, SOS量比=0.69",事件驱动：不建议硬放宽
603629,利通电子,元器件,10.00%,L2淘汰,六通道均未通过；最接近主升通道，但仍差：距MA200过高,"MA50/200=73.93/38.67, bias200=273.4%, RPS50/120=99.9/100.0, 20日涨跌=119.2%, 低位距=589.3%, SOS量比=1.18",事件驱动：不建议硬放宽
603777,来伊份,食品,9.98%,L2淘汰,六通道均未通过；最接近主升通道，但仍差：RS未跑赢大盘,"MA50/200=14.11/13.66, bias200=20.3%, RPS50/120=89.6/82.7, 20日涨跌=23.9%, 低位距=35.4%, SOS量比=1.08",事件驱动：不建议硬放宽
603876,鼎胜新材,铝,9.38%,L2淘汰,六通道均未通过；最接近主升通道，但仍差：距MA200过高,"MA50/200=22.32/14.85, bias200=100.4%, RPS50/120=97.6/97.9, 20日涨跌=35.8%, 低位距=268.8%, SOS量比=1.60",事件驱动：不建议硬放宽
603936,博敏电子,元器件,10.00%,L2淘汰,六通道均未通过；最接近主升通道，但仍差：RS未跑赢大盘、距MA200过高,"MA50/200=14.01/12.23, bias200=26.8%, RPS50/120=92.4/83.7, 20日涨跌=16.7%, 低位距=115.9%, SOS量比=0.77",事件驱动：不建议硬放宽
603937,丽岛新材,铝,10.03%,L1淘汰,市值不足：31.86亿 < 35.00亿,20日均额=16272.1万,L1流动性/市值
603978,深圳新星,小金属,9.99%,L2淘汰,六通道均未通过；最接近主升通道，但仍差：RPS120不足,"MA50/200=24.97/24.10, bias200=11.8%, RPS50/120=81.6/53.0, 20日涨跌=7.9%, 低位距=114.1%, SOS量比=2.08",事件驱动：不建议硬放宽
603985,恒润股份,电气设备,9.99%,L2淘汰,六通道均未通过；最接近主升通道，但仍差：RS未跑赢大盘、距MA200过高,"MA50/200=20.29/17.18, bias200=52.0%, RPS50/120=97.1/92.3, 20日涨跌=27.7%, 低位距=89.0%, SOS量比=1.46",事件驱动：不建议硬放宽
603986,兆易创新,半导体,10.00%,L2淘汰,六通道均未通过；最接近主升通道，但仍差：距MA200过高,"MA50/200=284.14/218.66, bias200=43.1%, RPS50/120=79.6/88.2, 20日涨跌=22.7%, 低位距=181.6%, SOS量比=1.80",事件驱动：不建议硬放宽
605060,联德股份,机械基件,9.99%,L2淘汰,六通道均未通过；最接近主升通道，但仍差：RS未跑赢大盘、RPS50不足、距MA200过高,"MA50/200=58.09/38.16, bias200=53.4%, RPS50/120=68.6/95.3, 20日涨跌=12.1%, 低位距=251.2%, SOS量比=1.01",趋势轨：RPS阈值敏感
605303,园林股份,建筑工程,9.98%,L2淘汰,六通道均未通过；最接近主升通道，但仍差：RS未跑赢大盘、RPS120不足、距MA200过高,"MA50/200=19.14/17.99, bias200=28.6%, RPS50/120=91.4/69.7, 20日涨跌=38.7%, 低位距=175.8%, SOS量比=1.00",事件驱动：不建议硬放宽
